NArab1,HASC_2a,NFr1,HASC_2b,NFr2,HASC_2c,deg
Ø§Ø±ÙŠØ§Ù†Ø© Ø§Ù„Ù…Ø¯ÙŠÙ†Ø©,TN.AN.AR,Ariana Medina,TN.AN.AR,Ariana Medina,TN.AN.AR,L'Ariana Ville
 Ø­ÙŠ Ø§Ù„ØªØ¶Ø§Ù…Ù†,TN.AN.ET,Ettadhamen,TN.AN.ET,Ettadhamen,TN.AN.ET,Cité Ettadhamen
 Ù‚Ù„Ø¹Ø© Ø§Ù„Ø£Ù†Ø¯Ù„Ø³,TN.AN.KA,Kalaat El Andalous,TN.AN.KA,Kalaat El Andalous,TN.AN.KA,Kalaât El Andalous
Ø³ÙƒØ±Ø©,TN.AN.LS,Soukra,TN.AN.LS,Soukra,TN.AN.LS,Soukra
 Ø§Ù„Ù…Ù†ÙŠÙ‡Ù„Ø©,TN.AN.MN,Mnihla,TN.AN.MN,Mnihla,TN.AN.MN,El Mnihla
Ø±ÙˆÙ‘Ø§Ø¯,TN.AN.RA,Raoued,TN.AN.RA,Raoued,TN.AN.RA,Raoued
 Ø³ÙŠØ¯ÙŠ Ø«Ø§Ø¨Øª,TN.AN.ST,Sidi Thabet,TN.AN.ST,Sidi Thabet,TN.AN.ST,Sidi Thabet
Ø¨Ù† Ø¹Ø±ÙˆØ³,TN.BA.BA,Ben Arous,TN.BA.BA,Ben Arous,TN.BA.BA,Ben Arous
Ø¨ÙˆÙ…Ù‡Ù„ Ø§Ù„Ø¨Ø³Ø§ØªÙŠÙ†,TN.BA.BE,Boumhel,TN.BA.BE,Boumhel,TN.BA.BE,Bou Mhel El Bassatine
 Ø§Ù„Ø²Ù‡Ø±Ø§Ø¡,TN.BA.EZ,Ezzahra,TN.BA.EZ,Ezzahra,TN.BA.EZ,Ezzahra
ÙÙˆØ´Ø§Ù†Ø©,TN.BA.FO,Fouchana,TN.BA.FO,Fouchana,TN.BA.FO,Fouchana
Ø­Ù…Ø§Ù… Ø§Ù„Ø´Ø·,TN.BA.HC,Hammam Chott,TN.BA.HC,Hammam Chott,TN.BA.HC,Hammam Chôtt
Ø­Ù…Ø§Ù… Ø§Ù„Ø£Ù†Ù,TN.BA.HL,Hammam Lif,TN.BA.HL,Hammam Lif,TN.BA.HL,Hammam Lif
Ù…Ù‚Ø±ÙŠÙ†,TN.BA.ME,Megrine,TN.BA.ME,Megrine,TN.BA.ME,Megrine
Ø§Ù„Ù…Ø­Ù…Ø¯ÙŠØ©,TN.BA.MH,M'Hamdia,TN.BA.MH,M'Hamdia,TN.BA.MH,Mohamedia
Ø§Ù„Ù…Ø±ÙˆØ¬,TN.BA.MJ,El Mourouj,TN.BA.MJ,El Mourouj,TN.BA.MJ,El Mourouj
Ù…Ø±Ù†Ø§Ù‚,TN.BA.MR,Mornag,TN.BA.MR,Mornag,TN.BA.MR,Mornag
Ø§Ù„Ù…Ø¯ÙŠÙ†Ø© Ø§Ù„Ø¬Ø¯ÙŠØ¯Ø©,TN.BA.NM,Nouvelle Medina,TN.BA.NM,Nouvelle Medina,TN.BA.NM,La Nouvelle Medina
Ø±Ø§Ø¯Ø³,TN.BA.RA,Rades,TN.BA.RA,RadÃ‹s,TN.BA.RA,Radès
Ø¹Ù…Ø¯ÙˆÙ†,TN.BJ.AM,Amdoun,TN.BJ.AM,Amdoun,TN.BJ.AM,Amdoun
Ø¨Ø§Ø¬Ø© Ø§Ù„Ø´Ù…Ø§Ù„ÙŠØ©,TN.BJ.BN,Beja Nord,TN.BJ.BN,Beja Nord,TN.BJ.BN,Béja Nord
Ø¨Ø§Ø¬Ø© Ø§Ù„Ø¬Ù†ÙˆØ¨ÙŠØ©,TN.BJ.BS,Beja Sud,TN.BJ.BS,Beja Sud,TN.BJ.BS,Béja Sud
Ù‚Ø¨Ù„Ø§Ø·,TN.BJ.GO,Goubellat,TN.BJ.GO,Goubellat,TN.BJ.GO,Goubellat
Ù…Ø¬Ø§Ø² Ø§Ù„Ø¨Ø§Ø¨,TN.BJ.MB,Mejez El Bab,TN.BJ.MB,Mejez El Bab,TN.BJ.MB,Medjez El Bab
Ù†ÙØ²Ø©,TN.BJ.NE,Nefza,TN.BJ.NE,Nefza,TN.BJ.NE,Nefza
ØªØ¨Ø±Ø³Ù‚,TN.BJ.TB,Teboursouk,TN.BJ.TB,Teboursouk,TN.BJ.TB,Teboursouk
ØªÙŠØ¨Ø§Ø±,TN.BJ.TH,Thibar,TN.BJ.TH,Thibar,TN.BJ.TH,Tibar
ØªØ³ØªÙˆØ±,TN.BJ.TT,Testour,TN.BJ.TT,Testour,TN.BJ.TT,Testour
Ø§Ù„Ø¹Ø§Ù„ÙŠØ©,TN.BZ.AL,El Alia,TN.BZ.AL,El Alia,TN.BZ.AL,El Alia
Ø¨Ù†Ø²Ø±Øª Ø§Ù„Ø´Ù…Ø§Ù„ÙŠØ©,TN.BZ.BN,Bizerte Nord,TN.BZ.BN,Bizerte Nord,TN.BZ.BN,Bizerte Nord
Ø¨Ù†Ø²Ø±Øª Ø§Ù„Ø¬Ù†ÙˆØ¨ÙŠØ©,TN.BZ.BS,Bizerte Sud,TN.BZ.BS,Bizerte Sud,TN.BZ.BS,Bizerte Sud
ØºØ²Ø§Ù„Ø©,TN.BZ.GH,Ghazala,TN.BZ.GH,Ghazala,TN.BZ.GH,Ghezala
ØºØ§Ø± Ø§Ù„Ù…Ù„Ø­,TN.BZ.GM,Ghar El Melh,TN.BZ.GM,Ghar El Melh,TN.BZ.GM,Ghar El Meleh
Ø¬Ø±Ø²ÙˆÙ†Ø©,TN.BZ.JA,Zarzouna,TN.BZ.JA,,,Zarzouna
Ø¬ÙˆÙ…ÙŠÙ†,TN.BZ.JO,Joumine,TN.BZ.JO,Joumine,TN.BZ.JO,Djoumine
Ù…Ø§Ø·Ø±,TN.BZ.MA,Mateur,TN.BZ.MA,Mateur,TN.BZ.MA,Mateur
Ù…Ù†Ø²Ù„ Ø¨ÙˆØ±Ù‚ÙŠØ¨Ø©,TN.BZ.MB,Menzel Bourguiba,TN.BZ.MB,Menzel Bourguiba,TN.BZ.MB,Menzel Bourguiba
Ù…Ù†Ø²Ù„ Ø¬Ù…ÙŠÙ„,TN.BZ.MJ,Menzel Jemil,TN.BZ.MJ,Menzel Jemil,TN.BZ.MJ,Menzel Djemil
Ø±Ø§Ø³ Ø§Ù„Ø¬Ø¨Ù„,TN.BZ.RJ,Ras Jebel,TN.BZ.RJ,Ras Jebel,TN.BZ.RJ,Ras Djebel
Ø³Ø¬Ù†Ø§Ù†,TN.BZ.SE,Sejnane,TN.BZ.SE,Sejnane,TN.BZ.SE,Sedjnane
ØªÙŠÙ†Ø¬Ø©,TN.BZ.TI,Tinja,TN.BZ.TI,Tinja,TN.BZ.TI,Tinja
Ø£ÙˆØªÙŠÙƒ,TN.BZ.UT,Utique,TN.BZ.UT,Utique,TN.BZ.UT,Utique
ØºÙ†ÙˆØ´,TN.GB.GA,Ghannouch,TN.GB.GA,Ghannouch,TN.GB.GA,Ghanouch
Ù‚Ø§Ø¨Ø³ Ø§Ù„ØºØ±Ø¨ÙŠØ©,TN.GB.GO,Gabes Ouest,TN.GB.GO,GabÃ‹s Ouest,TN.GB.GO,Gabes Ouest
Ù‚Ø§Ø¨Ø³ Ø§Ù„Ø¬Ù†ÙˆØ¨ÙŠØ©,TN.GB.GS,Gabes Sud,TN.GB.GS,GabÃ‹s Sud,TN.GB.GS,Gabes Sud
Ù‚Ø§Ø¨Ø³ Ø§Ù„Ù…Ø¯ÙŠÙ†Ø©,TN.GB.GV,Gabes Medina,TN.GB.GV,GabÃ‹s Medina,TN.GB.GV,Gabes Medina
Ø§Ù„Ø­Ø§Ù…Ø©,TN.GB.HA,Hamma,TN.GB.HA,Hamma,TN.GB.HA,El Hamma
Ø§Ù„Ù…Ø·ÙˆÙŠØ©,TN.GB.ME,Metouia,TN.GB.ME,Metouia,TN.GB.ME,El Metouia
Ù…Ù†Ø²Ù„ Ø§Ù„Ø­Ø¨ÙŠØ¨,TN.GB.MH,Menzel Habib,TN.GB.MH,Menzel Habib,TN.GB.MH,Menzel Habib
Ù…Ø§Ø±Ø«,TN.GB.MR,Mareth,TN.GB.MR,Mareth,TN.GB.MR,Mareth
Ù…Ø·Ù…Ø§Ø·Ø©,TN.GB.MT,Matmata,TN.GB.MT,Matmata,TN.GB.MT,Matmata
Ù…Ø·Ù…Ø§Ø·Ø© Ø§Ù„Ø¬Ø¯ÙŠØ¯Ø©,TN.GB.MN,Matmata Nouvelle,TN.GB.MN,Matmata Nouvelle,TN.GB.MN,Nouvelle Matmata
 Ø¨Ù„Ø®ÙŠØ±,TN.GF.BE,Belkhir,TN.GF.BE,Belkhir,TN.GF.BE,Belkhir
Ù‚ÙØµØ© Ø§Ù„Ø´Ù…Ø§Ù„ÙŠØ©,TN.GF.GN,Gafsa Nord,TN.GF.GN,Gafsa Nord,TN.GF.GN,Gafsa Nord
Ù‚ÙØµØ© Ø§Ù„Ø¬Ù†ÙˆØ¨ÙŠØ©,TN.GF.GS,Gafsa Sud,TN.GF.GS,Gafsa Sud,TN.GF.GS,Gafsa Sud
Ø§Ù„Ù‚Ø·Ø§Ø±,TN.GF.GU,Guetar,TN.GF.GU,Guetar,TN.GF.GU,EL Guetar
Ø§Ù„Ù‚ØµØ±,TN.GF.KS,Ksar,TN.GF.KS,Ksar,TN.GF.KS,El Ksar
Ø§Ù„Ù…Ø¶ÙŠÙ„Ø©,TN.GF.MD,Mdhilla,TN.GF.MD,Mdhilla,TN.GF.MD,Mdhila
Ø§Ù„Ù…ØªÙ„ÙˆÙŠ,TN.GF.ME,Metlaoui,TN.GF.ME,Metlaoui,TN.GF.ME,Metlaoui
Ø£Ù… Ø§Ù„Ø¹Ø±Ø§Ø¦Ø³,TN.GF.OL,Oum Larais,TN.GF.OL,Oum Larais,TN.GF.OL,Oum El Araies
Ø§Ù„Ø±Ø¯ÙŠÙ,TN.GF.RE,Redeyef,TN.GF.RE,Redeyef,TN.GF.RE,Redeyef
Ø³ÙŠØ¯ÙŠ Ø¹ÙŠØ´,TN.GF.SA,Sidi Aich,TN.GF.SA,Sidi Aich,TN.GF.SA,Sidi Aïch
Ø§Ù„Ø³Ù†Ø¯,TN.GF.SE,Sened,TN.GF.SE,Sened,TN.GF.SE,Sned
Ø¹ÙŠÙ† Ø¯Ø±Ø§Ù‡Ù…,TN.JE.AD,Ain Draham,TN.JE.AD,AÃ”n Draham,TN.JE.AD,Ain Draham
Ø¨Ù„Ø·Ø© Ø¨ÙˆØ¹ÙˆØ§Ù†,TN.JE.BB,Balta Bou Aouane,TN.JE.BB,Balta Bou Aouane,TN.JE.BB,Balta - Bou Aouane
Ø¨ÙˆØ³Ø§Ù„Ù…,TN.JE.BS,Bousalem,TN.JE.BS,Bousalem,TN.JE.BS,Bou Salem
ÙØ±Ù†Ø§Ù†Ø©,TN.JE.FE,Fernana,TN.JE.FE,Fernana,TN.JE.FE,Fernana
ØºØ§Ø± Ø§Ù„Ø¯Ù…Ø§Ø¡,TN.JE.GH,Ghardimaou,TN.JE.GH,Ghardimaou,TN.JE.GH,Ghardimaou
Ø¬Ù†Ø¯ÙˆØ¨Ø©,TN.JE.JE,Jendouba Sud,TN.JE.JE,Jendouba Sud,TN.JE.JE,Jendouba Sud
 Ø¬Ù†Ø¯ÙˆØ¨Ø© Ø§Ù„Ø´Ù…Ø§Ù„ÙŠØ©,TN.JE.JN,Jendouba Nord,TN.JE.JN,Jendouba Nord,TN.JE.JN,Jendouba Nord
ÙˆØ§Ø¯ÙŠ Ù…Ù„ÙŠØ²,TN.JE.OM,Oued Mliz,TN.JE.OM,Oued Mliz,TN.JE.OM,Oued Meliz
Ø·Ø¨Ø±Ù‚Ø©,TN.JE.TA,Tabarka,TN.JE.TA,Tabarka,TN.JE.TA,Tabarka
Ø¯ÙˆØ² Ø§Ù„Ø´Ù…Ø§Ù„ÙŠØ©,TN.KB.DN,Douz Nord,TN.KB.DN,,,Douz Nord
Ø¯ÙˆØ² Ø§Ù„Ø¬Ù†ÙˆØ¨ÙŠØ©,TN.KB.DS,Douz Sud,TN.KB.DS,,,Douz Sud
ÙÙˆØ§Ø±,TN.KB.FA,Faouar,TN.KB.FA,Faouar,TN.KB.FA,Faouar
Ù‚Ø¨Ù„ÙŠ Ø§Ù„Ø¬Ù†ÙˆØ¨ÙŠØ©,TN.KB.KN,Kebili Nord,TN.KB.KN,Kebili Nord,TN.KB.KN,Kebeli Nord
Ù‚Ø¨Ù„ÙŠ Ø§Ù„Ø´Ù…Ø§Ù„ÙŠØ©,TN.KB.KS,Kebili Sud,TN.KB.KS,Kebili Sud,TN.KB.KS,Kebili Sud
Ø³ÙˆÙ‚ Ø§Ù„Ø£Ø­Ø¯,TN.KB.SA,Souk El Ahed,TN.KB.SA,Souk El Ahed,TN.KB.SA,Souk El Ahed
Ø§Ù„Ø¯Ù‡Ù…Ø§Ù†ÙŠ,TN.KF.DA,Dahmani,TN.KF.DA,Dahmani,TN.KF.DA,Dahmani
Ø§Ù„Ø³Ø±Ø³,TN.KF.ES,Es Sers,TN.KF.ES,Es Sers,TN.KF.ES,Es-Sers
Ø§Ù„Ø¬Ø±ÙŠØµØ©,TN.KF.JE,Jerissa,TN.KF.JE,Jerissa,TN.KF.JE,Djerissa
Ø§Ù„ÙƒØ§Ù Ø§Ù„Ø´Ø±Ù‚ÙŠØ©,TN.KF.KE,Kef Est,TN.KF.KE,Kef Est,TN.KF.KE,Kef Est
Ø§Ù„ÙƒØ§Ù Ø§Ù„ØºØ±Ø¨ÙŠØ©,TN.KF.KO,Kef Ouest,TN.KF.KO,Kef Ouest,TN.KF.KO,Kef Ouest
Ø§Ù„Ù‚Ù„Ø¹Ø© Ø§Ù„Ø®ØµØ¨Ø§Ø¡,TN.KF.KR,Kalaa Khesba,TN.KF.KR,Kalaa Khesba,TN.KF.KR,Kalâat Khasbah
Ù‚Ù„Ø¹Ø© Ø³Ù†Ø§Ù†,TN.KF.KS,Kalaat Senan,TN.KF.KS,Kalaat Senan,TN.KF.KS,Kalâat Snan
Ø§Ù„Ù‚ØµÙˆØ±,TN.KF.KU,Ksour,TN.KF.KU,Ksour,TN.KF.KU,El Ksour
Ù†Ø¨Ø±,TN.KF.NE,Nebeur,TN.KF.NE,Nebeur,TN.KF.NE,Nebeur
Ø³Ø§Ù‚ÙŠØ© Ø³ÙŠØ¯ÙŠ ÙŠÙˆØ³Ù,TN.KF.SS,Sakiet Sidi Youssef,TN.KF.SS,Sakiet Sidi Youssef,TN.KF.SS,Sakiet Sidi Youssef
ØªØ§Ø¬Ø±ÙˆÙŠÙ†,TN.KF.TE,Tajerouine,TN.KF.TE,Tajerouine,TN.KF.TE,Tajerouine
Ø§Ù„Ø¹Ù„Ø§Ø¡,TN.KR.AL,Alaa,TN.KR.AL,Alaa,TN.KR.AL,El Alâa
Ø§Ù„Ø´Ø¨ÙŠÙƒØ©,TN.KR.CB,Chebika,TN.KR.CB,Chebika,TN.KR.CB,Echebika
Ø§Ù„Ø´Ø±Ø§Ø±Ø¯Ø©,TN.KR.CR,Chrarda,TN.KR.CR,Chrarda,TN.KR.CR,Echrarda
Ø­Ø§Ø¬Ø¨ Ø§Ù„Ø¹ÙŠÙˆÙ†,TN.KR.HA,Hajeb El Ayoun,TN.KR.HA,Hajeb El Ayoun,TN.KR.HA,Hajeb el Ayoun
Ø­ÙÙˆØ²,TN.KR.HF,Haffouz,TN.KR.HF,Haffouz,TN.KR.HF,Haffouz
Ø§Ù„Ù‚ÙŠØ±ÙˆØ§Ù† Ø§Ù„Ø´Ù…Ø§Ù„ÙŠØ©,TN.KR.KN,Kairouan Nord,TN.KR.KN,Kairouan Nord,TN.KR.KN,Kairouan Nord
Ø§Ù„Ù‚ÙŠØ±ÙˆØ§Ù† Ø§Ù„Ø¬Ù†ÙˆØ¨ÙŠØ©,TN.KR.KS,Kairouan Sud,TN.KR.KS,Kairouan Sud,TN.KR.KS,Kairouan Sud
Ù†ØµØ± Ø§Ù„Ù„Ù‘Ù‡,TN.KR.NA,Nasrallah,TN.KR.NA,Nasrallah,TN.KR.NA,Nasrallah
Ø§Ù„ÙˆØ³Ù„Ø§ØªÙŠØ©,TN.KR.OU,Oueslatia,TN.KR.OU,Oueslatia,TN.KR.OU,Oueslatia
Ø¨ÙˆØ­Ø¬Ù„Ø©,TN.KR.SA,Bouhajla,TN.KR.SA,Bouhajla,TN.KR.SA,Bouhajla
Ø§Ù„Ø³Ø¨ÙŠØ®Ø©,TN.KR.SB,Sbikha,TN.KR.SB,Sbikha,TN.KR.SB,Sbikha
Ø§Ù„Ø¹ÙŠÙˆÙ†,TN.KS.AY,Ayoun,TN.KS.AY,Ayoun,TN.KS.AY,El Ayoun
Ø¬Ø¯Ù„ÙŠØ§Ù†,TN.KS.DJ,Jedeliane,TN.KS.DJ,Jedeliane,TN.KS.DJ,Jedeliane
Ø§Ù„Ø²Ù‡ÙˆØ±,TN.KS.EZ,Ezzouhour,TN.KS.EZ,Ezzouhour,TN.KS.EZ,Ezzouhour
ÙØ±ÙŠØ§Ù†Ø©,TN.KS.FE,Feriana,TN.KS.FE,Feriana,TN.KS.FE,Feriana
ÙÙˆØ³Ø§Ù†Ø©,TN.KS.FO,Foussana,TN.KS.FO,Foussana,TN.KS.FO,Foussana
Ø­Ø§Ø³ÙŠ Ø§Ù„ÙØ±ÙŠØ¯,TN.KS.HF,Hassi El Ferid,TN.KS.HF,Hassi El Ferid,TN.KS.HF,Hassi Ferid
Ø­ÙŠØ¯Ø±Ø©,TN.KS.HI,Hidra,TN.KS.HI,Hidra,TN.KS.HI,Hidra
Ø§Ù„Ù‚ØµØ±ÙŠÙ† Ø§Ù„Ø´Ù…Ø§Ù„ÙŠØ©,TN.KS.KN,Kasserine Nord,TN.KS.KN,Kasserine Nord,TN.KS.KN,Kasserine Nord
Ø§Ù„Ù‚ØµØ±ÙŠÙ† Ø§Ù„Ø¬Ù†ÙˆØ¨ÙŠØ©,TN.KS.KS,Kasserine Sud,TN.KS.KS,Kasserine Sud,TN.KS.KS,Kasserine Sud
Ù…Ø§Ø¬Ù„ Ø¨Ø§Ù„Ø¹Ø¨Ø§Ø³,TN.KS.MB,Majel Belabbes,TN.KS.MB,Majel Belabbes,TN.KS.MB,Majel Bel Abbès
Ø³Ø¨ÙŠØ¨Ø©,TN.KS.SB,Sbiba,TN.KS.SB,Sbiba,TN.KS.SB,Sbiba
Ø³Ø¨ÙŠØ·Ù„Ø©,TN.KS.ST,Sbeitla,TN.KS.ST,Sbeitla,TN.KS.ST,Sbeitla
ØªØ§Ù„Ø©,TN.KS.TH,Thala,TN.KS.TH,Thala,TN.KS.TH,Thala
Ø¨Ù†Ù‚Ø±Ø¯Ø§Ù†,TN.ME.BG,Ben Guerdane,TN.ME.BG,Ben Guerdane,TN.ME.BG,Ben Guerdane
Ø¨Ù†ÙŠ Ø®Ø¯Ø§Ø´,TN.ME.BK,Beni Khedache,TN.ME.BK,Beni Khedache,TN.ME.BK,Beni Khedech
Ø¬Ø±Ø¨Ø© Ø£Ø¬ÙŠÙ…,TN.ME.DA,Djerba Ajim,TN.ME.DA,Djerba Ajim,TN.ME.DA,Djerba Ajim
Ø¬Ø±Ø¨Ø© Ø­ÙˆÙ…Ø© Ø§Ù„Ø³ÙˆÙ‚,TN.ME.DH,Djerba Houmet Essouk,TN.ME.DH,Houmt Souk,TN.ME.DH,Djerba Houmet Souk
Ø¬Ø±Ø¨Ø© Ù…ÙŠØ¯ÙˆÙ†,TN.ME.DM,Djerba Midoun,TN.ME.DM,Djerba Midoun,TN.ME.DM,Djerba Midoun
Ù…Ø¯Ù†ÙŠÙ† Ø§Ù„Ø´Ù…Ø§Ù„ÙŠØ©,TN.ME.MN,Medenine Nord,TN.ME.MN,Medenine Nord,TN.ME.MN,Medenine Nord
Ù…Ø¯Ù†ÙŠÙ† Ø§Ù„Ø¬Ù†ÙˆØ¨ÙŠØ©,TN.ME.MS,Medenine Sud,TN.ME.MS,Medenine Sud,TN.ME.MS,Medenine Sud
Ø³ÙŠØ¯ÙŠ Ù…Ø®Ù„ÙˆÙ,TN.ME.SM,Sidi Makhlouf,TN.ME.SM,Sidi Makhlouf,TN.ME.SM,Sidi Makhloulf
Ø¬Ø±Ø¬ÙŠØ³,TN.ME.ZA,Zarzis,TN.ME.ZA,Zarzis,TN.ME.ZA,Zarzis
Ø¨ÙˆÙ…Ø±Ø¯Ø§Ø³,TN.MH.BO,Boumerdes,TN.MH.BO,BoumerdÃ‹s,TN.MH.BO,Bou Merdès
Ø§Ù„Ø´Ø§Ø¨Ø©,TN.MH.CB,Chebba,TN.MH.CB,Chebba,TN.MH.CB,Chebba
Ø´Ø±Ø¨Ø§Ù†,TN.MH.CR,Chorbane,TN.MH.CR,Chorbane,TN.MH.CR,Chorbane
Ù‡Ø¨ÙŠØ±Ø©,TN.MH.HB,Hbira,TN.MH.HB,Hbira,TN.MH.HB,Hebira
Ø§Ù„Ø¬Ù…,TN.MH.JE,El Jem,TN.MH.JE,El Jem,TN.MH.JE,El Djem
Ù‚ØµÙˆØ± Ø§Ù„Ø³Ø§Ù,TN.MH.KE,Ksour Essef,TN.MH.KE,Ksour Essef,TN.MH.KE,Ksour Essef
Ø§Ù„Ù…Ù‡Ø¯ÙŠØ©,TN.MH.MA,Mahdia,TN.MH.MA,Mahdia,TN.MH.MA,Mahdia
Ù…Ù„ÙˆÙ„Ø´,TN.MH.ME,Melloulech,TN.MH.ME,Melloulech,TN.MH.ME,Melloulech
Ø£ÙˆÙ„Ø§Ø¯ Ø´Ø§Ù…Ø®,TN.MH.OC,Ouled Chamekh,TN.MH.OC,Ouled Chamekh,TN.MH.OC,Ouled Chamekh
Ø³ÙŠØ¯ÙŠ Ø¹Ù„ÙˆØ§Ù†,TN.MH.SA,Sidi Alouane,TN.MH.SA,Sidi Alouane,TN.MH.SA,Sidi Alouane
Ø§Ù„Ø³ÙˆØ§Ø³ÙŠ,TN.MH.SO,Souassi,TN.MH.SO,Souassi,TN.MH.SO,Essouassi
Ø¨Ø±Ø¬ Ø§Ù„Ø¹Ø§Ù…Ø±ÙŠ,TN.MN.BA,Borj El Amri,TN.MN.BA,Borj El Amri,TN.MN.BA,Borj Amri
Ø§Ù„Ø¨Ø·Ø§Ù†,TN.MN.BT,El Battan,TN.MN.BT,El Battan,TN.MN.BT,El Battane
Ø¯ÙˆØ§Ø± Ù‡ÙŠØ´Ø±,TN.MN.DH,Douar Hicher,TN.MN.DH,Douar Hicher,TN.MN.DH,Douar Hicher
Ø§Ù„Ø¬Ø¯ÙŠØ¯Ø©,TN.MN.JE,Jedaida,TN.MN.JE,Jedaida,TN.MN.JE,Djedeida
Ù…Ù†ÙˆØ¨Ø©,TN.MN.MA,Manouba,TN.MN.MA,Manouba,TN.MN.MA,Mannouba
Ø§Ù„Ù…Ø±Ù†Ø§Ù‚ÙŠØ©,TN.MN.MO,Mornaguia,TN.MN.MO,Mornaguia,TN.MN.MO,Mornaguia
ÙˆØ§Ø¯ÙŠ Ø§Ù„Ù„ÙŠÙ„,TN.MN.OE,Oued Ellil,TN.MN.OE,Oued Ellil,TN.MN.OE,Oued Ellil
Ø·Ø¨Ø±Ø¨Ø©,TN.MN.TE,Tebourba,TN.MN.TE,Tebourba,TN.MN.TE,Tebourba
Ø¨Ù†ÙŠ Ø­Ø³Ø§Ù†,TN.MS.BH,Beni Hassen,TN.MS.BH,Beni Hassen,TN.MS.BH,Beni Hassen
Ø§Ù„Ø¨Ù‚Ø§Ù„Ø·Ø©,TN.MS.BK,Bekalta,TN.MS.BK,Bekalta,TN.MS.BK,Bekalta
Ø¨Ù†Ø¨Ù„Ø©,TN.MS.BM,Bembla,TN.MS.BM,Bembla,TN.MS.BM,Bembla
Ø¬Ù…Ø§Ù„,TN.MS.JA,Jammel,TN.MS.JA,Jammel,TN.MS.JA,Jammel
Ù‚ØµØ± Ù‡Ù„Ø§Ù„,TN.MS.KH,Ksar Hellal,TN.MS.KH,Ksar Hellal,TN.MS.KH,Ksar Helal
Ù‚ØµÙŠØ¨Ø© Ø§Ù„Ù…Ø¯ÙŠÙˆÙ†ÙŠ,TN.MS.KM,Ksibet El Mediouni,TN.MS.KM,Ksibet El Mediouni,TN.MS.KM,Ksibet El Mediouni
Ø§Ù„Ù…ÙƒÙ†ÙŠÙ†,TN.MS.MK,Moknine,TN.MS.MK,Moknine,TN.MS.MK,Moknine
Ø§Ù„Ù…Ù†Ø³ØªÙŠØ±,TN.MS.MS,Monastir,TN.MS.MS,Monastir,TN.MS.MS,Monastir
Ø§Ù„ÙˆØ±Ø¯Ø§Ù†ÙŠÙ†,TN.MS.OU,Ouerdanine,TN.MS.OU,Ouerdanine,TN.MS.OU,Ouerdanine
Ø§Ù„Ø³Ø§Ø­Ù„ÙŠÙ†,TN.MS.SA,Sahline,TN.MS.SA,Sahline,TN.MS.SA,Sahline
ØµÙŠØ§Ø¯Ø© - Ù„Ù…Ø·Ø© - Ø¨ÙˆØ­Ø¬Ø±,TN.MS.SL,Sayada-Lamta-Bou Hjar,TN.MS.SL,Sayada-Lamta-Bou Hjar,TN.MS.SL,Sayada-Lamta Bou-Hjar
Ø·Ø¨Ù„Ø¨Ø©,TN.MS.TE,Teboulba,TN.MS.TE,Teboulba,TN.MS.TE,Teboulba
Ø²Ø±Ù…Ø¯ÙŠÙ†,TN.MS.ZA,Zeramdine,TN.MS.ZA,Zeramdine,TN.MS.ZA,Zermadine
Ø¨ÙˆØ¹Ø±Ù‚ÙˆØ¨,TN.NB.BA,Bou Argoub,TN.NB.BA,Bou Argoub,TN.NB.BA,Bou Argoub
Ø¨Ù†ÙŠ Ø®Ù„Ø§Ø¯,TN.NB.BD,Beni Khalled,TN.NB.BD,Beni Khalled,TN.NB.BD,Beni Khalled
Ø¨Ù†ÙŠ Ø®ÙŠØ§Ø±,TN.NB.BR,Beni Khiar,TN.NB.BR,Beni Khiar,TN.NB.BR,Beni khiar
Ø¯Ø§Ø± Ø´Ø¹Ø¨Ø§Ù† Ø§Ù„ÙÙ‡Ø±ÙŠ,TN.NB.DC,Dar Chaabane El Fehri,TN.NB.DC,Dar Chaabane El Fehri,TN.NB.DC,Dar Châabane El Fehri
Ù‚Ø±Ù…Ø¨Ø§Ù„ÙŠØ©,TN.NB.GR,Grombalia,TN.NB.GR,Grombalia,TN.NB.GR,Grombalia
Ø­Ù…Ø§Ù… Ø§Ù„Ø£ØºØ²Ø§Ø²,TN.NB.HG,Hammam Ghezaz,TN.NB.HG,Hammam Ghezaz,TN.NB.HG,Hammam El Guezaz
Ø§Ù„Ø­Ù…Ø§Ù…Ø§Øª,TN.NB.HM,Hammamet,TN.NB.HM,Hammamet,TN.NB.HM,Hammamet
Ø§Ù„Ù‡ÙˆØ§Ø±ÙŠØ©,TN.NB.HR,Haouaria,TN.NB.HR,Haouaria,TN.NB.HR,El Haouaria
Ù‚Ù„ÙŠØ¨ÙŠØ©,TN.NB.KE,Kelibia,TN.NB.KE,Kelibia,TN.NB.KE,Kelibia
Ù‚Ø±Ø¨Ø©,TN.NB.KO,Korba,TN.NB.KO,Korba,TN.NB.KO,Korba
Ù…Ù†Ø²Ù„ Ø¨ÙˆØ²Ù„ÙØ©,TN.NB.MB,Menzel Bouzelfa,TN.NB.MB,Menzel Bouzelfa,TN.NB.MB,Menzel Bouzelfa
Ø§Ù„Ù…ÙŠØ¯Ø©,TN.NB.MI,El Mida,TN.NB.MI,El Mida,TN.NB.MI,El Mida
Ù…Ù†Ø²Ù„ ØªÙ…ÙŠÙ…,TN.NB.MT,Menzel Temime,TN.NB.MT,Menzel Temime,TN.NB.MT,Menzel Temime
Ù†Ø§Ø¨Ù„,TN.NB.NA,Nabeul,TN.NB.NA,Nabeul,TN.NB.NA,Nabeul
Ø³Ù„ÙŠÙ…Ø§Ù†,TN.NB.SO,Soliman,TN.NB.SO,Soliman,TN.NB.SO,Soliman
ØªØ§ÙƒÙ„Ø³Ø©,TN.NB.TA,Takelsa,TN.NB.TA,Takelsa,TN.NB.TA,Takelsa
Ø¹Ù‚Ø§Ø±Ø¨,TN.SF.AG,Agareb,TN.SF.AG,Agareb,TN.SF.AG,Agareb
Ø§Ù„Ø¹Ø§Ù…Ø±Ø©,TN.SF.AM,El Amra,TN.SF.AM,El Amra,TN.SF.AM,El Amra
Ø¨Ø¦Ø± Ø¹Ù„ÙŠ Ø¨Ù† Ø®Ù„ÙŠÙØ©,TN.SF.BA,Bir Ali Ben Khelifa,TN.SF.BA,Bir Ali Ben Khelifa,TN.SF.BA,Bir ali Ben Kelifa
Ø¬Ø¨Ù†ÙŠØ§Ù†Ø©,TN.SF.DJ,Jebeniana,TN.SF.DJ,Jebeniana,TN.SF.DJ,Djebeniana
Ø§Ù„ØºØ±ÙŠØ¨Ø©,TN.SF.GH,El Ghraiba,TN.SF.GH,El Ghraiba,TN.SF.GH,Ghraiba
Ø§Ù„Ø­Ù†Ø´Ø©,TN.SF.HA,Hencha,TN.SF.HA,Hencha,TN.SF.HA,El Hencha
Ù‚Ø±Ù‚Ù†Ø©,TN.SF.KE,Kerkennah,TN.SF.KE,Kerkennah,TN.SF.KE,Kerkenah
Ø§Ù„Ù…Ø­Ø±Ø³,TN.SF.MA,Mahres,TN.SF.MA,Mahres,TN.SF.MA,Mahres
Ù…Ù†Ø²Ù„ Ø´Ø§ÙƒØ±,TN.SF.MC,Menzel Chaker,TN.SF.MC,Menzel Chaker,TN.SF.MC,Menzel Chaker
Ø³Ø§Ù‚ÙŠØ© Ø§Ù„Ø¯Ø§Ø¦Ø±,TN.SF.SD,Sakiet Eddaier,TN.SF.SD,Sakiet Eddaier,TN.SF.SD,Sakiet Eddaïer
Ø§Ù„ØµØ®ÙŠØ±Ø©,TN.SF.SK,Skhira,TN.SF.SK,Skhira,TN.SF.SK,Skhira
ØµÙØ§Ù‚Ø³ Ø§Ù„Ù…Ø¯ÙŠÙ†Ø©,TN.SF.SM,Sfax Medina,TN.SF.SM,Sfax Medina,TN.SF.SM,Sfax Ville
ØµÙØ§Ù‚Ø³ Ø§Ù„ØºØ±ÙŠØ¨Ø©,TN.SF.SO,Sfax Ouest,TN.SF.SO,Sfax Ouest,TN.SF.SO,Sfax Ouest
ØµÙØ§Ù‚Ø³ Ø§Ù„Ø¬Ù†ÙˆØ¨ÙŠØ©,TN.SF.SS,Sfax Sud,TN.SF.SS,Sfax Sud,TN.SF.SS,Sfax Sud
Ø³Ø§Ù‚ÙŠØ© Ø§Ù„Ø²ÙŠØª,TN.SF.SZ,Sakiet Ezzit,TN.SF.SZ,Sakiet Ezzit,TN.SF.SZ,Sakiet Ezzit
Ø·ÙŠÙ†Ø©,TN.SF.TH,Thina,TN.SF.TH,,,Tina
Ø¨Ø±Ù‚Ùˆ,TN.SL.BA,Bargou,TN.SL.BA,Bargou,TN.SL.BA,Bargou
Ø¨ÙˆØ¹Ø±Ø§Ø¯Ø©,TN.SL.BD,Bouarada,TN.SL.BD,Bouarada,TN.SL.BD,Bou Arada
Ø¨ÙˆØ±ÙˆÙŠØ³,TN.SL.BR,Bourouis,TN.SL.BR,Bourouis,TN.SL.BR,Bourouis
Ø§Ù„ÙƒØ±ÙŠØ¨,TN.SL.EL,El Krib,TN.SL.EL,El Krib,TN.SL.EL,El  Krib
Ù‚Ø¹ÙÙˆØ±,TN.SL.GA,Gaafour,TN.SL.GA,Gaafour,TN.SL.GA,Gaâfour
ÙƒØ³Ø±Ù‰,TN.SL.KI,Kesra,TN.SL.KI,Kesra,TN.SL.KI,Kesra
Ø§Ù„Ø¹Ø±ÙˆØ³Ø©,TN.SL.LA,Laroussa,TN.SL.LA,Laroussa,TN.SL.LA,El Aroussa
Ù…ÙƒØ«Ø±,TN.SL.MA,Makthar,TN.SL.MA,Makthar,TN.SL.MA,Makthar
Ø§Ù„Ø±ÙˆØ­ÙŠØ©,TN.SL.RO,Rouhia,TN.SL.RO,Rouhia,TN.SL.RO,Er-Rouhia
Ø³Ù„ÙŠØ§Ù†Ø© Ø§Ù„Ø´Ù…Ø§Ù„ÙŠØ©,TN.SL.SN,Siliana Nord,TN.SL.SN,Siliana Nord,TN.SL.SN,Siliana Nord
Ø³Ù„ÙŠØ§Ù†Ø© Ø§Ù„Ø¬Ù†ÙˆØ¨ÙŠØ©,TN.SL.SS,Siliana Sud,TN.SL.SS,Siliana Sud,TN.SL.SS,Siliana Sud
Ø§Ù„Ø²Ø§ÙˆÙŠØ© - Ø§Ù„Ù‚ØµÙŠØ¨Ø© - Ø§Ù„Ø«Ø±ÙŠØ§Øª,TN.SS.,,,,,NA
Ø§ÙƒÙˆØ¯Ø©,TN.SS.AK,Akouda,TN.SS.AK,Akouda,TN.SS.AK,Akouda
Ø¨ÙˆÙÙŠØ´Ø©,TN.SS.BO,Bouficha,TN.SS.BO,Bouficha,TN.SS.BO,Bouficha
Ø§Ù„Ù†ÙÙŠØ¶Ø©,TN.SS.EN,Enfidha,TN.SS.EN,Enfidha,TN.SS.EN,Enfidha
Ù‡Ø±Ù‚Ù„Ø©,TN.SS.HE,Hergla,TN.SS.HE,Hergla,TN.SS.HE,Hergla
Ø­Ù…Ø§Ù… Ø³ÙˆØ³Ø©,TN.SS.HS,Hammam Sousse,TN.SS.HS,Hammam Sousse,TN.SS.HS,Hammam Sousse
Ø§Ù„Ù‚Ù„Ø¹Ø© Ø§Ù„ÙƒØ¨Ø±Ù‰,TN.SS.KK,Kalaa Kebira,TN.SS.KK,Kalaa Kebira,TN.SS.KK,Kalaâ Seghira
ÙƒÙ†Ø¯Ø§Ø±,TN.SS.KO,Kondar,TN.SS.KO,Kondar,TN.SS.KO,Kondar
Ø§Ù„Ù‚Ù„Ø¹Ø© Ø§Ù„ØµØºØ±Ù‰,TN.SS.KS,Kalaa Sghira,TN.SS.KS,Kalaa Sghira,TN.SS.KS,Kalaâ Kebira
Ù…Ø³Ø§ÙƒÙ†,TN.SS.MS,M'Saken,TN.SS.MS,M'Saken,TN.SS.MS,M'saken
Ø³ÙŠØ¯ÙŠ Ø¨ÙˆØ¹Ù„ÙŠ,TN.SS.SB,Sidi Bou Ali,TN.SS.SB,Sidi Bou Ali,TN.SS.SB,Sidi Bou Ali
Ø³ÙŠØ¯ÙŠ Ø§Ù„Ù‡Ø§Ù†ÙŠ,TN.SS.SH,Sidi El Heni,TN.SS.SH,Sidi El Heni,TN.SS.SH,Sidi El Héni
Ø³ÙˆØ³Ø© Ø¬ÙˆÙ‡Ø±Ø©,TN.SS.SJ,Sousse Jaouhara,TN.SS.SJ,Sousse Jaouhara,TN.SS.SJ,Sousse Jawhara
Ø³ÙˆØ³Ø© Ø§Ù„Ù…Ø¯ÙŠÙ†Ø©,TN.SS.SM,Sousse Medina,TN.SS.SM,Sousse Medina,TN.SS.SM,Sousse Medina
Ø³ÙˆØ³Ø© Ø§Ù„Ø±ÙŠØ§Ø¶,TN.SS.SR,Sousse Riadh,TN.SS.SR,Sousse Riadh,TN.SS.SR,Sousse Riadh
Ø³ÙˆØ³Ø© Ø³ÙŠØ¯ÙŠ Ø¹Ø¨Ø¯ Ø§Ù„Ø­Ù…ÙŠØ¯,TN.SS.SS,Sousse Sidi Abdelhamid,TN.SS.SS,Sousse Sidi Abdelhamid,TN.SS.SS,Sousse Sidi Abdelhamid
Ø¨Ø¦Ø± Ø§Ù„Ø­ÙÙŠ,TN.SZ.BH,Bir El Hfay,TN.SZ.BH,Bir El Hfay,TN.SZ.BH,Bir El Hafey
Ø¬Ù„Ù…Ø©,TN.SZ.JI,Jelma,TN.SZ.JI,Jelma,TN.SZ.JI,Jilma
Ø§Ù„Ù…Ø²ÙˆÙ†Ø©,TN.SZ.MA,Mazzouna,TN.SZ.MA,Mazzouna,TN.SZ.MA,Mezzouna
Ù…Ù†Ø²Ù„ Ø¨ÙˆØ²ÙŠØ§Ù†,TN.SZ.MB,Menzel Bouzaiene,TN.SZ.MB,Menzel Bouzaiene,TN.SZ.MB,Menzel Bouzaïenne
Ø§Ù„Ù…ÙƒÙ†Ø§Ø³ÙŠ,TN.SZ.ME,Meknassi,TN.SZ.ME,Meknassi,TN.SZ.ME,Meknassy
Ø£ÙˆÙ„Ø§Ø¯ Ø­ÙÙˆØ²,TN.SZ.OH,Ouled Haffouz,TN.SZ.OH,Ouled Haffouz,TN.SZ.OH,Ouled Haffouz
Ø§Ù„Ø±Ù‚Ø§Ø¨,TN.SZ.RE,Regueb,TN.SZ.RE,Regueb,TN.SZ.RE,Regueb
Ø³Ø¨Ø§Ù„Ø© Ø£ÙˆÙ„Ø§Ø¯ Ø¹Ø³ÙƒØ±,TN.SZ.SA,Sabalat Ouled Asker,TN.SZ.SA,Sabalat Ouled Asker,TN.SZ.SA,Cebalet Ouled Asker
Ø³ÙŠØ¯ÙŠ Ø¹Ù„ÙŠ Ø¨Ù† Ø¹ÙˆÙ†,TN.SZ.SB,Sidi Ali Ben Aoun,TN.SZ.SB,Sidi Ali Ben Aoun,TN.SZ.SB,Sidi Ali Ben Aoûn
Ø³ÙŠØ¯ÙŠ Ø¨ÙˆØ²ÙŠØ¯ Ø§Ù„Ø´Ø±Ù‚ÙŠØ©,TN.SZ.SE,Sidi Bouzid Est,TN.SZ.SE,Sidi Bouzid Est,TN.SZ.SE,Sidi Bouzid Est
Ø³ÙˆÙ‚ Ø§Ù„Ø¬Ø¯ÙŠØ¯,TN.SZ.SJ,Souk Jedid,TN.SZ.SJ,Souk Jedid,TN.SZ.SJ,Souk Jedid
Ø³ÙŠØ¯ÙŠ Ø¨ÙˆØ²ÙŠØ¯ Ø§Ù„ØºØ±Ø¨ÙŠØ©,TN.SZ.SO,Sidi Bouzid Ouest,TN.SZ.SO,Sidi Bouzid Ouest,TN.SZ.SO,Sidi Bouzid Ouest
Ø¨Ø¦Ø± Ø§Ù„Ø£Ø­Ù…Ø±,TN.TA.BL,Bir Lahmar,TN.TA.BL,Bir Lahmar,TN.TA.BL,Bir Lahmar
Ø°Ù‡ÙŠØ¨Ø©,TN.TA.DH,Dhiba,TN.TA.DH,Dhiba,TN.TA.DH,Dhehiba
ØºÙ…Ø±Ø§Ø³Ù†,TN.TA.GH,Ghomrassen,TN.TA.GH,Ghomrassen,TN.TA.GH,Ghomrassen
Ø±Ù…Ø§Ø¯Ø©,TN.TA.RE,Remada,TN.TA.RE,Remada,TN.TA.RE,Remada
Ø§Ù„ØµÙ…Ø§Ø±,TN.TA.SA,Samar,TN.TA.SA,Samar,TN.TA.SA,Smâr
ØªØ·Ø§ÙˆÙŠÙ† Ø§Ù„Ø´Ù…Ø§Ù„ÙŠØ©,TN.TA.TN,Tataouine Nord,TN.TA.TN,Tataouine Nord,TN.TA.TN,Tataouine Nord
ØªØ·Ø§ÙˆÙŠÙ† Ø§Ù„Ø¬Ù†ÙˆØ¨ÙŠØ©,TN.TA.TS,Tataouine Sud,TN.TA.TS,Tataouine Sud,TN.TA.TS,Tataouine Sud
Ø¯Ù‚Ø§Ø´,TN.TO.DE,Degueche,TN.TO.DE,Degueche,TN.TO.DE,Degach
Ø­Ø²ÙˆØ©,TN.TO.HA,Hazoua,TN.TO.HA,Hazoua,TN.TO.HA,Hazoua
Ù†ÙØ·Ø©,TN.TO.NA,Nefta,TN.TO.NA,Nefta,TN.TO.NA,Nefta
ØªÙ…ØºØ²Ø©,TN.TO.TA,Tamaghza,TN.TO.TA,Tamaghza,TN.TO.TA,Tameghza
ØªÙˆØ²Ø±,TN.TO.TO,Tozeur,TN.TO.TO,Tozeur,TN.TO.TO,Tozeur
Ø¨Ø§Ø¨ Ø§Ù„Ø¨Ø­Ø±,TN.TU.BB,Bab Bhar,TN.TU.BB,Bab Bhar,TN.TU.BB,Bab El Bhar
Ø¨Ø§Ø¨ Ø³ÙˆÙŠÙ‚Ø©,TN.TU.BS,Bab Souika,TN.TU.BS,Bab Souika,TN.TU.BS,Bab Souika
Ù‚Ø±Ø·Ø§Ø¬,TN.TU.CA,Carthage,TN.TU.CA,Carthage,TN.TU.CA,Carthage
Ø§Ù„Ø­Ø±Ø§Ø¦Ø±ÙŠØ©,TN.TU.HA,Hrairia,TN.TU.HA,Hrairia,TN.TU.HA,El Hrairia
Ø¬Ø¨Ù„ Ø§Ù„Ø¬Ù„ÙˆØ¯,TN.TU.JJ,Jebel Jelloud,TN.TU.JJ,Jebel Jelloud,TN.TU.JJ,Djebel Djelloud
Ø§Ù„ÙƒØ¨Ø§Ø±ÙŠØ©,TN.TU.KA,Kabaria,TN.TU.KA,Kabaria,TN.TU.KA,El Kabaria
Ø­ÙŠ Ø§Ù„Ø®Ø¶Ø±Ø§Ø¡,TN.TU.KH,Cite El Khadra,TN.TU.KH,Cite El Khadra,TN.TU.KH,Cité El Khadhra
Ø¨Ø§Ø±Ø¯Ùˆ,TN.TU.LB,Bardo,TN.TU.LB,Bardo,TN.TU.LB,Le Bardo
Ø­Ù„Ù‚ Ø§Ù„ÙˆØ§Ø¯ÙŠ,TN.TU.LG,La Goulette,TN.TU.LG,La Goulette,TN.TU.LG,La Goulette
Ø§Ù„ÙƒØ±Ù…,TN.TU.LK,Le Kram,TN.TU.LK,,,Le Kram
Ø§Ù„Ù…Ø±Ø³Ù‰,TN.TU.LM,La Marsa,TN.TU.LM,La Marsa,TN.TU.LM,La Marsa
Ø§Ù„Ù…Ø¯ÙŠÙ†Ø©,TN.TU.MD,Medina,TN.TU.MD,Medina,TN.TU.MD,La Medina
Ø§Ù„Ù…Ù†Ø²Ù‡,TN.TU.MZ,El Menzah,TN.TU.MZ,El Menzah,TN.TU.MZ,El Menzah
Ø§Ù„Ø¹Ù…Ø±Ø§Ù†,TN.TU.OM,Omrane,TN.TU.OM,Omrane,TN.TU.OM,El Omrane
Ø§Ù„Ø¹Ù…Ø±Ø§Ù† Ø§Ù„Ø§Ø¹Ù„Ù‰,TN.TU.OS,Omrane Superieur,TN.TU.OS,Omrane Superieur,TN.TU.OS,El Omrane Supérieur
Ø§Ù„ÙˆØ±Ø¯ÙŠØ©,TN.TU.OU,El Ouardia,TN.TU.OU,El Ouardia,TN.TU.OU,El Ouardia
Ø³ÙŠØ¯ÙŠ Ø§Ù„Ø¨Ø´ÙŠØ±,TN.TU.SB,Sidi El Bechir,TN.TU.SB,Sidi El Bechir,TN.TU.SB,Sidi El Béchir
Ø³ÙŠØ¯ÙŠ Ø­Ø³ÙŠÙ†,TN.TU.SH,Sidi Hassine,TN.TU.SH,Sidi Hassine,TN.TU.SH,Sidi Hassine
Ø§Ù„Ø³ÙŠØ¬ÙˆÙ…ÙŠ,TN.TU.SI,Sijoumi,TN.TU.SI,Sijoumi,TN.TU.SI,Sijoumi
Ø§Ù„ØªØ­Ø±ÙŠØ±,TN.TU.TA,El Tahrir,TN.TU.TA,El Tahrir,TN.TU.TA,Ettahrir
Ø¨Ø¦Ø± Ù…Ø´Ø§Ø±Ù‚Ø©,TN.ZA.BM,Bir Mchergua,TN.ZA.BM,Bir Mchergua,TN.ZA.BM,Bir Mchergua
Ø§Ù„ÙØ­Øµ,TN.ZA.FA,Fahs,TN.ZA.FA,Fahs,TN.ZA.FA,El Fahs
Ø§Ù„Ù†Ø§Ø¸ÙˆØ±,TN.ZA.NA,Nadhour,TN.ZA.NA,Nadhour,TN.ZA.NA,En-Nadhour
ØµÙˆØ§Ù,TN.ZA.SA,Saouaf,TN.ZA.SA,Saouaf,TN.ZA.SA,Saouaf
Ø²ØºÙˆØ§Ù†,TN.ZA.ZA,Zaghouan,TN.ZA.ZA,Zaghouan,TN.ZA.ZA,Zaghouan
Ø§Ù„Ø²Ø±ÙŠØ¨Ø©,TN.ZA.ZR,Zriba,TN.ZA.ZR,Zriba,TN.ZA.ZR,Ez-Zeriba
